{
  "name": "double_jump",
  "frames": 5,
  "damage": 0.0,
  "where": "air",
  "reset": "ground",
  "reset_delay": 5,
  "changeable": false,
  "direction": "any",
  "controlled": false,
  "force": {
    "x": 0.0,
    "y": 10.0
  },
  "additive_force": {
    "x": true,
    "y": false
  },
  "knockback": {
    "x": 0.0,
    "y": 0.0
  },
  "hitboxes": [
    {
      "type": "neutral",
      "pos": {
        "x": 0.0,
        "y": 4.0
      },
      "width": 16.0,
      "height": 30.0
    }
  ],
  "animation": {
    "looped": true,
    "frames": [
      {
        "neck": {
          "x": 0.0,
          "y": 16.0
        },
        "elbow_left": {
          "x": -5.0,
          "y": 14.0
        },
        "elbow_right": {
          "x": 5.0,
          "y": 14.0
        },
        "hand_left": {
          "x": -7.0,
          "y": 20.0
        },
        "hand_right": {
          "x": 7.0,
          "y": 20.0
        },
        "waist": {
          "x": 0.0,
          "y": 4.0
        },
        "knee_left": {
          "x": -4.0,
          "y": 4.0
        },
        "knee_right": {
          "x": 4.0,
          "y": 4.0
        },
        "foot_left": {
          "x": -8.0,
          "y": 1.0
        },
        "foot_right": {
          "x": 8.0,
          "y": 1.0
        }
      }
    ]
  }
}