{
  "name": "down slam",
  "frames": 20,
  "damage": 20.0,
  "where": "air",
  "reset": "any",
  "reset_delay": 0,
  "changeable": false,
  "direction": "right",
  "controlled": false,
  "force": {
    "x": 0.0,
    "y": -10.0
  },
  "additive_force": {
    "x": false,
    "y": false
  },
  "knockback": {
    "x": 1.5,
    "y": 1.0
  },
  "hitboxes": [
    {
      "type": "neutral",
      "pos": {
        "x": 0.0,
        "y": 0.0
      },
      "width": 16.0,
      "height": 20.0
    },
    {
      "type": "offense",
      "pos": {
        "x": 0.0,
        "y": -10.0
      },
      "width": 24.0,
      "height": 10.0
    }
  ],
  "animation": {
    "looped": true,
    "frames": [
      {
        "neck": {
          "x": 0.0,
          "y": 6.0
        },
        "elbow_left": {
          "x": -6.0,
          "y": 1.0
        },
        "elbow_right": {
          "x": 6.0,
          "y": 1.0
        },
        "hand_left": {
          "x": -8.0,
          "y": 7.0
        },
        "hand_right": {
          "x": 8.0,
          "y": 7.0
        },
        "waist": {
          "x": 0.0,
          "y": -6.0
        },
        "knee_left": {
          "x": -6.0,
          "y": -4.0
        },
        "knee_right": {
          "x": 6.0,
          "y": -4.0
        },
        "foot_left": {
          "x": -8.0,
          "y": -11.0
        },
        "foot_right": {
          "x": 8.0,
          "y": -11.0
        }
      }
    ]
  }
}