{
  "name": "run",
  "frames": 8,
  "damage": 0.0,
  "where": "ground",
  "reset": "any",
  "reset_delay": 0,
  "changeable": true,
  "direction": "left",
  "controlled": true,
  "force": {
    "x": -3.0,
    "y": 0.0
  },
  "additive_force": {
    "x": true,
    "y": true
  },
  "knockback": {
    "x": 0.0,
    "y": 0.0
  },
  "hitboxes": [
    {
      "type": "neutral",
      "pos": {
        "x": 0.0,
        "y": 4.0
      },
      "width": 16.0,
      "height": 30.0
    }
  ],
  "animation": {
    "looped": true,
    "frames": [
      {
        "neck": {
          "x": 0.0,
          "y": 16.0
        },
        "elbow_left": {
          "x": -5.0,
          "y": 12.0
        },
        "elbow_right": {
          "x": 6.0,
          "y": 16.0
        },
        "hand_left": {
          "x": -10.0,
          "y": 14.0
        },
        "hand_right": {
          "x": 10.0,
          "y": 12.0
        },
        "waist": {
          "x": 0.0,
          "y": 4.0
        },
        "knee_left": {
          "x": -8.0,
          "y": 0.0
        },
        "knee_right": {
          "x": 4.0,
          "y": -3.0
        },
        "foot_left": {
          "x": -8.0,
          "y": -8.0
        },
        "foot_right": {
          "x": 10.0,
          "y": 1.0
        }
      },
      {
        "neck": {
          "x": 0.0,
          "y": 16.0
        },
        "elbow_left": {
          "x": -4.0,
          "y": 11.0
        },
        "elbow_right": {
          "x": 6.0,
          "y": 14.0
        },
        "hand_left": {
          "x": -9.0,
          "y": 12.0
        },
        "hand_right": {
          "x": 8.0,
          "y": 9.0
        },
        "waist": {
          "x": 0.0,
          "y": 4.0
        },
        "knee_left": {
          "x": -6.0,
          "y": -2.0
        },
        "knee_right": {
          "x": 2.0,
          "y": -4.0
        },
        "foot_left": {
          "x": -4.0,
          "y": -10.0
        },
        "foot_right": {
          "x": 9.0,
          "y": -2.0
        }
      },
      {
        "neck": {
          "x": 0.0,
          "y": 16.0
        },
        "elbow_left": {
          "x": -2.0,
          "y": 10.0
        },
        "elbow_right": {
          "x": 4.0,
          "y": 11.0
        },
        "hand_left": {
          "x": -7.0,
          "y": 10.0
        },
        "hand_right": {
          "x": 2.0,
          "y": 6.0
        },
        "waist": {
          "x": 0.0,
          "y": 4.0
        },
        "knee_left": {
          "x": -4.0,
          "y": -3.0
        },
        "knee_right": {
          "x": 0.0,
          "y": -5.0
        },
        "foot_left": {
          "x": -1.0,
          "y": -9.0
        },
        "foot_right": {
          "x": 8.0,
          "y": -5.0
        }
      },
      {
        "neck": {
          "x": 0.0,
          "y": 16.0
        },
        "elbow_left": {
          "x": 1.0,
          "y": 10.0
        },
        "elbow_right": {
          "x": 1.0,
          "y": 10.0
        },
        "hand_left": {
          "x": -3.0,
          "y": 7.0
        },
        "hand_right": {
          "x": -3.0,
          "y": 7.0
        },
        "waist": {
          "x": 0.0,
          "y": 4.0
        },
        "knee_left": {
          "x": -2.0,
          "y": -4.0
        },
        "knee_right": {
          "x": -2.0,
          "y": -4.0
        },
        "foot_left": {
          "x": -4.0,
          "y": -8.0
        },
        "foot_right": {
          "x": 4.0,
          "y": -8.0
        }
      },
      {
        "neck": {
          "x": 0.0,
          "y": 16.0
        },
        "elbow_left": {
          "x": -2.0,
          "y": 10.0
        },
        "elbow_right": {
          "x": 4.0,
          "y": 11.0
        },
        "hand_left": {
          "x": -7.0,
          "y": 10.0
        },
        "hand_right": {
          "x": 2.0,
          "y": 6.0
        },
        "waist": {
          "x": 0.0,
          "y": 4.0
        },
        "knee_left": {
          "x": -4.0,
          "y": -3.0
        },
        "knee_right": {
          "x": 0.0,
          "y": -5.0
        },
        "foot_left": {
          "x": -1.0,
          "y": -9.0
        },
        "foot_right": {
          "x": 8.0,
          "y": -5.0
        }
      },
      {
        "neck": {
          "x": 0.0,
          "y": 16.0
        },
        "elbow_left": {
          "x": -4.0,
          "y": 11.0
        },
        "elbow_right": {
          "x": 6.0,
          "y": 14.0
        },
        "hand_left": {
          "x": -9.0,
          "y": 12.0
        },
        "hand_right": {
          "x": 8.0,
          "y": 9.0
        },
        "waist": {
          "x": 0.0,
          "y": 4.0
        },
        "knee_left": {
          "x": -6.0,
          "y": -2.0
        },
        "knee_right": {
          "x": 2.0,
          "y": -4.0
        },
        "foot_left": {
          "x": -4.0,
          "y": -10.0
        },
        "foot_right": {
          "x": 9.0,
          "y": -2.0
        }
      },
      {
        "neck": {
          "x": 0.0,
          "y": 16.0
        },
        "elbow_left": {
          "x": -5.0,
          "y": 12.0
        },
        "elbow_right": {
          "x": 6.0,
          "y": 16.0
        },
        "hand_left": {
          "x": -10.0,
          "y": 14.0
        },
        "hand_right": {
          "x": 10.0,
          "y": 12.0
        },
        "waist": {
          "x": 0.0,
          "y": 4.0
        },
        "knee_left": {
          "x": -8.0,
          "y": 0.0
        },
        "knee_right": {
          "x": 4.0,
          "y": -3.0
        },
        "foot_left": {
          "x": -8.0,
          "y": -8.0
        },
        "foot_right": {
          "x": 10.0,
          "y": 1.0
        }
      }
    ]
  }
}