{
  "name": "tpose",
  "frames": 15,
  "damage": 0.0,
  "where": "ground",
  "reset": "any",
  "reset_delay": 0,
  "changeable": false,
  "direction": "any",
  "controlled": false,
  "force": {
    "x": 0.0,
    "y": 0.0
  },
  "additive_force": {
    "x": false,
    "y": false
  },
  "knockback": {
    "x": 0.0,
    "y": 0.0
  },
  "hitboxes": [
    {
      "type": "neutral",
      "pos": {
        "x": 0.0,
        "y": 0.0
      },
      "width": 16.0,
      "height": 20.0
    }
  ],
  "animation": {
    "looped": true,
    "frames": [
      {
        "neck": {
          "x": 0.0,
          "y": 18.0
        },
        "elbow_left": {
          "x": -7.0,
          "y": 18.0
        },
        "elbow_right": {
          "x": 7.0,
          "y": 18.0
        },
        "hand_left": {
          "x": -12.0,
          "y": 18.0
        },
        "hand_right": {
          "x": 12.0,
          "y": 18.0
        },
        "waist": {
          "x": 0.0,
          "y": 6.0
        },
        "knee_left": {
          "x": -3.0,
          "y": -3.0
        },
        "knee_right": {
          "x": 3.0,
          "y": -3.0
        },
        "foot_left": {
          "x": -3.0,
          "y": -10.0
        },
        "foot_right": {
          "x": 3.0,
          "y": -10.0
        }
      }
    ]
  }
}