{
  "name": "uppercut",
  "frames": 5,
  "damage": 15.0,
  "where": "air",
  "reset": "ground",
  "reset_delay": 10,
  "changeable": false,
  "direction": "right",
  "controlled": false,
  "force": {
    "x": 0.0,
    "y": 10.0
  },
  "additive_force": {
    "x": true,
    "y": false
  },
  "knockback": {
    "x": 1.0,
    "y": 2.0
  },
  "hitboxes": [
    {
      "type": "neutral",
      "pos": {
        "x": 0.0,
        "y": 4.0
      },
      "width": 24.0,
      "height": 40.0
    },
    {
      "type": "offense",
      "pos": {
        "x": 6.0,
        "y": 24.0
      },
      "width": 10.0,
      "height": 18.0
    }
  ],
  "animation": {
    "looped": true,
    "frames": [
      {
        "neck": {
          "x": 1.0,
          "y": 16.0
        },
        "elbow_left": {
          "x": -3.0,
          "y": 10.0
        },
        "elbow_right": {
          "x": 4.0,
          "y": 19.0
        },
        "hand_left": {
          "x": -7.0,
          "y": 14.0
        },
        "hand_right": {
          "x": 5.0,
          "y": 28.0
        },
        "waist": {
          "x": 0.0,
          "y": 4.0
        },
        "knee_left": {
          "x": -2.0,
          "y": -3.0
        },
        "knee_right": {
          "x": 5.0,
          "y": 0.0
        },
        "foot_left": {
          "x": -4.0,
          "y": -12.0
        },
        "foot_right": {
          "x": 4.0,
          "y": -6.0
        }
      }
    ]
  }
}